{"mean": -1.6224516393691033, "mean_adv": -1.2827696967557713, "median": -1.6224516393691033, "median_adv": -1, "data": [[-2.9597642139520133, -0.28513906478619333], [-2.4573236836720014, -0.10821570983954132], [-1.2440912337151815, -0.011396752660488119], [0.0, 0.0], [0.0, 0.0], [0.0, 0.0], [0.0, 0.0], [0.0, 0.0], [0.0, 0.0], [0.0, 0.0], [0.0, 0.0], [0.0, 0.0], [0.0, 0.0], [0.0, 0.0], [0.0, 0.0], [0.0, 0.0], [0.0, 0.0], [0.0, 0.0], [0.0, 0.0], [0.0, 0.0], [0.0, 0.0], [0.0, 0.0], [0.0, 0.0], [-0.15593824970397918, -0.07662766275387867], [-1.8852675217364947, -4.389708884700525], [-3.6375463449600147, -10.037834666256117], [-4.912118617559997, -11.934933119635403], [33.512071035839995, 27.66734777987695], [44.00541225178168, 26.857534426896592], [52.864553173973405, 9.51945038875138], [65.62265137003999, 17.477066150047648], [77.34952654055098, 37.57425478792979], [63.515953951507015, 37.487523369354165], [39.39004220224007, 28.007352658553998], [17.032788780972965, 18.80878175686331], [-3.8130310462934176, 8.538410438358142], [-23.40464201356002, -3.3857417076683873], [-40.21349107704907, -15.318348243905518], [-42.36080297075995, -15.028123498046966], [-38.05940875413597, -10.07246482517371], [-17.172027433725816, 8.166978632028929], [-6.138456897969206, 11.919915175469384], [-0.6816776724998022, -5.905663970602518], [16.840628805779943, 3.096720033250733], [38.91728792174706, 5.471011824881714], [48.30385892756419, 7.27682927615399], [40.10910306755068, 8.636442531964803], [31.5654159470634, 13.291969189714223], [15.366292766027868, 10.360253311864767], [-2.711215720074449, 3.770413664989121], [-19.41687357057657, -4.016969984602213], [-30.89911151147885, -9.31341409077612], [-35.12858249100327, -9.899480352121259], [-41.61908827323458, -17.494456510700388], [-50.907003281744096, -51.246835071591875], [-54.029945710064055, -67.60909323745722], [-71.4658082854678, -93.54087083696209], [-54.319902277615824, -68.84798311187865], [-48.17199418503992, -59.091012597475924], [-47.87314387713991, -48.265388698774245], [-41.63852640024004, -38.040515701017284], [-40.660711971840044, -29.066749447771258], [-38.71879795943994, -21.51867550850278], [-36.01064954303999, -15.419508261541182], [-32.734131902640115, -10.646859786125503], [-29.087110218240014, -7.01558931929975], [-25.26744966983989, -4.325382956778014], [-21.473015437439926, -2.386274562019196], [-17.9016727010399, -1.0307246359306532], [20.704998402845177, 30.685247478924765], [36.97992864063997, 12.065120141148554], [44.26752220103998, 2.8742714795273514], [53.71959743743997, 13.122905208806912], [55.899622503173305, 24.397120039904564], [38.96573221824002, 19.520514371942227], [20.924061402639893, 13.490369415776797], [4.255411543040168, 7.235776950096181], [-11.238082540560015, -0.10213961762445933], [-25.814287368730902, -8.869020394234894], [-36.336880046890656, -17.229238917225132], [-39.09663180931301, -26.237682156379833], [-39.83826485896003, -35.228851259617045], [-39.211347979360085, -36.182924291497386], [-37.713620619760036, -32.88761384860675], [-35.63088804016007, -27.8103513408181], [-31.02715269630079, -22.39926293721561], [-18.488354188000017, -17.667817976836318], [-18.14091628479997, -13.593312428228444], [-17.350332997599992, -10.13041838216975], [-16.204544406400032, -7.310350867069104], [-14.791490591200017, -5.089388829904664], [-13.199111632000012, -3.3897980353567334], [-11.51534760879997, -2.1235915084604926], [-9.828138601599989, -1.2055055986450895], [-8.43210016806907, -0.5594876160704985], [-6.314542466735958, -0.14950796389098286], [-1.5877685390069587, -0.0035154006862399], [0.0, 0.0], [0.0, 0.0], [-3.0434935499999938, -5.638559212413924], [-9.725115950000003, -26.49844939498945], [-14.538272000000006, -38.01750916993865], [-18.170923249999987, -39.96451536267344], [-20.7329948, -36.95794796981596], [-22.334411750000015, -31.763820930123188], [-23.085099199999974, -25.96948923544346], [-23.094982249999987, -20.42705598065578], [-22.473985999999996, -15.541840839535837], [-21.33203555, -11.45743301205772], [-19.77905599999997, -8.172321633736772], [-18.008974326799404, -5.629889031968219], [-17.494291893478476, -7.355682546417512], [-17.056934512672, -11.380739257561402], [-16.170863235712062, -12.306206620608975], [-15.105158625951958, -11.459497426721185], [-11.695556061391983, -9.87917907561041], [-6.364573170032003, -8.248131420980627], [-6.488102079871993, -6.63374901434608], [-6.416517368911997, -5.146878755609038], [-6.561374885779514, -4.149627773075991], [-9.220934429831999, -10.891987891630066], [-11.561735572632017, -19.08224410770262], [-13.102423619471978, -21.285032406382726], [-14.040954145512018, -20.235668635287666], [-14.463068728751978, -17.668008457929616], [-14.454508947191982, -14.589369942953795], [22.44629608896861, 23.09495156249318], [27.445022515716317, -0.9813689259050022], [35.33747904218809, -13.223288426362501], [45.369220168810386, -1.0351468932837236], [46.18487615624741, 11.980599619107522], [27.029249317091796, 8.354843161048564], [7.760475297269693, 4.211304382796925], [-9.742569516552749, -0.4446726948111177], [-25.787675404374966, -6.661713320021477], [-40.811591408769516, -14.825999178086363], [-46.293914147386545, -19.075151890258667], [-42.12358247296004, -13.962688445216372], [-37.48719491355996, -9.233474366896075], [-36.19445790153509, -13.71119063918104], [-35.55276838676008, -24.80660796878027], [-33.95957573335994, -28.242172331425934], [-29.270619826073187, -27.035164152705534], [-14.530315786000017, -24.052997600684762], [-15.562145057370401, -20.325848001095665], [-18.520242864534453, -22.6830297284547], [-21.27135949715202, -28.400127042167185], [-22.80001993979198, -28.605503880096194], [-23.453811197632035, -25.788733843608497], [-23.360246386671975, -21.741257017894554], [-22.646838622911957, -17.472574886299526], [-23.135137922371257, -16.262902494790637], [-26.521860591944005, -27.75551298525619], [-28.398360650864106, -34.768219443629675], [-30.252190661783914, -34.68618602047803], [-26.654607193329042, -31.176402412163668], [-24.62696065962399, -26.35057241628681], [-24.258049716544008, -21.248339992371314], [-23.312201369463963, -16.494606319255553], [4.802401685541952, 14.349518022159884], [18.457117634157015, 26.588950330480884], [24.24539070328879, -3.3519226020421513], [32.7380743797045, -16.636471847764142], [42.68173910764369, -4.4874282908316445], [38.363025120234994, 3.926079312666559], [17.905058072959605, -0.3156000122733076], [-1.0105178601828015, -3.4247707687399043], [-17.014584630921888, -7.169771234800237], [-28.98425601983513, -12.752708486138886], [-44.36631714321584, -20.286145711903714], [-50.14157602692251, -21.313978232824297], [-45.82778466369621, -14.905603700575682], [-40.72195430553603, -9.821825047019615], [-35.37442953777588, -6.055536139489163], [-30.062221612415897, -3.3407843868269538], [-25.062341781455928, -1.4430144903028577], [-16.630674049382094, -0.25885241239757306], [0.0, 0.0], [0.0, 0.0], [0.0, 0.0], [-4.213058627500004, -9.39712655826105], [-9.173963199999974, -25.43257024000343], [-12.699915639999972, -31.563606213992216], [-15.310777599999994, -31.47653941258241], [-17.094489159999995, -28.2976442360997], [-18.138990399999983, -23.87613333016884], [-18.532221400000026, -19.253558686530084], [-18.36212224000002, -14.97160453411584], [-17.716633, -11.271459821787062], [-16.68369376000004, -8.2210241592513], [-15.351244599999973, -5.794522614242538], [-13.807225599999981, -3.9210835550132686], [-12.139576840000075, -2.5133495864336055], [-10.43623839999998, -1.4834613728621378], [-8.785150360000102, -0.7512317002611155], [-8.417240959999901, -0.24763289179219328], [-2.787978372499964, -0.013286950611814063], [0.0, 0.0], [0.0, 0.0], [0.0, 0.0], [0.0, 0.0], [0.0, 0.0], [0.0, 0.0], [0.0, 0.0], [-2.4150767550385126, -4.702642879719406], [-7.059446636479976, -19.386388565456656], [-10.371171723079982, -26.86696867755677], [-12.86167328768002, -27.915637860377387], 